{
  "n": 1908,
  "auroc": {
    "Evo 2 1B (zero-shot)": 0.6077651372578541,
    "AlphaMissense": 0.9037462047074174,
    "CADD": 0.7565531529157884,
    "phyloP": 0.7394500276021279,
    "SIFT": 0.7074182286961759,
    "PolyPhen-2": 0.6636414107196628
  }
}