{
  "n": 3644,
  "n_features": 1920,
  "zero_shot": {
    "auroc": 0.7366513860850081,
    "auprc": 0.5642560230948692
  },
  "logreg": {
    "cv_auroc": 0.6054560420177949,
    "cv_auprc": 0.3640604117793619,
    "train_auroc": 0.6715279389994242,
    "gain_vs_zeroshot": -0.13119534406721323
  },
  "mlp": {
    "cv_auroc": 0.6200741014169462,
    "cv_auprc": 0.3555785145921522,
    "train_auroc": 1.0,
    "gain_vs_zeroshot": -0.11657728466806194
  },
  "missense": {
    "zero_shot": 0.6035202698965765,
    "logreg": 0.5667336491959024,
    "gain": -0.036786620700674066
  }
}